v1_n,v1_shared,v1_denom,v1_perc_paper,v1_perc_output,pub_n,pub_shared,pub_denom,pub_perc_paper,pub_perc_output,perc_paper_dif,perc_output_dif
99,139,646,NA,0.22,96,601,681,NA,0.88,NA,0.66
48,113,158,NA,0.72,45,160,185,NA,0.86,NA,0.14
70,20,135,NA,0.15,68,97,142,NA,0.68,NA,0.53
103,367,1078,0.32,0.34,103,945,1205,0.81,0.78,0.49000000000000005,0.44
28,34,154,NA,0.22,35,181,221,NA,0.82,NA,0.6
93,728,1638,NA,0.44,93,1766,2028,NA,0.87,NA,0.43
98,311,891,NA,0.35,98,685,849,NA,0.81,NA,0.4600000000000001
